"School","SA1","No. of Students"
"Ainslie School","80105105102","5"
"Ainslie School","80105105302","5"
"Ainslie School","80105105404","5"
"Ainslie School","80105105605","5"
"Ainslie School","80105105017","6"
"Ainslie School","80105105007","7"
"Ainslie School","80105105104","7"
"Ainslie School","80105105110","7"
"Ainslie School","80105105112","7"
"Ainslie School","80105105116","7"
"Ainslie School","80105105117","7"
"Ainslie School","80105112703","7"
"Ainslie School","80105105016","8"
"Ainslie School","80105112701","8"
"Ainslie School","80105105001","9"
"Ainslie School","80105112704","10"
"Ainslie School","80105105111","13"
"Ainslie School","80105112702","13"
"Ainslie School","80105105002","15"
"Ainslie School","80105105011","15"
"Ainslie School","80105105109","16"
"Ainslie School","80105105115","19"
"Ainslie School","80105105006","25"
"Ainslie School","80105105013","32"
"Alfred Deakin High School","80106107007","5"
"Alfred Deakin High School","80107107903","5"
"Alfred Deakin High School","80107108235","5"
"Alfred Deakin High School","80107108301","5"
"Alfred Deakin High School","80108109306","5"
"Alfred Deakin High School","80108109604","5"
"Alfred Deakin High School","80108109707","5"
"Alfred Deakin High School","80109110109","5"
"Alfred Deakin High School","80109110209","5"
"Alfred Deakin High School","80109110211","5"
"Alfred Deakin High School","80109110405","5"
"Alfred Deakin High School","80109110912","5"
"Alfred Deakin High School","80109111002","5"
"Alfred Deakin High School","80110113503","5"
"Alfred Deakin High School","80106107005","6"
"Alfred Deakin High School","80108109107","6"
"Alfred Deakin High School","80108109405","6"
"Alfred Deakin High School","80109110003","6"
"Alfred Deakin High School","80109110008","6"
"Alfred Deakin High School","80109110206","6"
"Alfred Deakin High School","80109110507","6"
"Alfred Deakin High School","80109110906","6"
"Alfred Deakin High School","80106106205","7"
"Alfred Deakin High School","80106106208","7"
"Alfred Deakin High School","80109109904","7"
"Alfred Deakin High School","80109110504","7"
"Alfred Deakin High School","80109110702","7"
"Alfred Deakin High School","80109110007","8"
"Alfred Deakin High School","80109110104","8"
"Alfred Deakin High School","80109110205","8"
"Alfred Deakin High School","80109110305","8"
"Alfred Deakin High School","80110113502","8"
"Alfred Deakin High School","80106107003","9"
"Alfred Deakin High School","80109110002","9"
"Alfred Deakin High School","80109110005","9"
"Alfred Deakin High School","80109110303","9"
"Alfred Deakin High School","80109110304","9"
"Alfred Deakin High School","80106106204","10"
"Alfred Deakin High School","80109110009","10"
"Alfred Deakin High School","80109110010","10"
"Alfred Deakin High School","80109110302","10"
"Alfred Deakin High School","80109110307","10"
"Alfred Deakin High School","80109110006","11"
"Alfred Deakin High School","80109110011","11"
"Alfred Deakin High School","80109110012","11"
"Alfred Deakin High School","80109110203","11"
"Alfred Deakin High School","80109109901","13"
"Alfred Deakin High School","80109110207","14"
"Alfred Deakin High School","80109110301","14"
"Alfred Deakin High School","80109110306","14"
"Alfred Deakin High School","80109110505","15"
"Alfred Deakin High School","80109110502","16"
"Alfred Deakin High School","80109110506","16"
"Alfred Deakin High School","80109110004","17"
"Alfred Deakin High School","80109110202","17"
"Amaroo School","10106154217","5"
"Amaroo School","80104104015","5"
"Amaroo School","80104104603","5"
"Amaroo School","80104104612","5"
"Amaroo School","80104111601","5"
"Amaroo School","80106113107","5"
"Amaroo School","80104103604","6"
"Amaroo School","80104104014","6"
"Amaroo School","80104104631","6"
"Amaroo School","10106154225","7"
"Amaroo School","80104103615","7"
"Amaroo School","80104104001","7"
"Amaroo School","80104104006","7"
"Amaroo School","80104104614","7"
"Amaroo School","80104103811","8"
"Amaroo School","80104103517","9"
"Amaroo School","80104103805","9"
"Amaroo School","80104103815","9"
"Amaroo School","80104112003","9"
"Amaroo School","80104103601","10"
"Amaroo School","80104103808","10"
"Amaroo School","80104103813","10"
"Amaroo School","80104103806","11"
"Amaroo School","80104104613","11"
"Amaroo School","80104103513","12"
"Amaroo School","80104103515","12"
"Amaroo School","80104103520","12"
"Amaroo School","80104103505","13"
"Amaroo School","80104103514","13"
"Amaroo School","80104103804","13"
"Amaroo School","80104103810","13"
"Amaroo School","80104103519","14"
"Amaroo School","80104112001","14"
"Amaroo School","80104103510","15"
"Amaroo School","80104103814","15"
"Amaroo School","80104103807","16"
"Amaroo School","80104103809","16"
"Amaroo School","80104103509","17"
"Amaroo School","80104103522","18"
"Amaroo School","80104103812","18"
"Amaroo School","80104112002","21"
"Amaroo School","80104103501","23"
"Amaroo School","80104103511","23"
"Amaroo School","80104103518","23"
"Amaroo School","80104103507","24"
"Amaroo School","80104103508","24"
"Amaroo School","80104103512","28"
"Amaroo School","80104103402","30"
"Amaroo School","80104103414","32"
"Amaroo School","80104103406","33"
"Amaroo School","80104103516","35"
"Amaroo School","80104103413","36"
"Amaroo School","80104103506","37"
"Amaroo School","80104103407","40"
"Amaroo School","80104103409","44"
"Amaroo School","80104103401","52"
"Amaroo School","80104103403","52"
"Amaroo School","80104103404","60"
"Amaroo School","80104103411","60"
"Amaroo School","80104103412","63"
"Amaroo School","80104103408","67"
"Amaroo School","80104103405","73"
"Amaroo School","80104112004","75"
"Amaroo School","80104103410","80"
"Amaroo School","80104111801","117"
"Aranda Primary School","80101102006","5"
"Aranda Primary School","80104103710","5"
"Aranda Primary School","80101100320","6"
"Aranda Primary School","80101100316","7"
"Aranda Primary School","80101100506","7"
"Aranda Primary School","80101100501","10"
"Aranda Primary School","80101100503","10"
"Aranda Primary School","80101100318","13"
"Aranda Primary School","80101100315","16"
"Aranda Primary School","80101100504","17"
"Aranda Primary School","80101100505","19"
"Aranda Primary School","80101100101","20"
"Aranda Primary School","80101100319","20"
"Aranda Primary School","80101100502","21"
"Aranda Primary School","80101100507","23"
"Aranda Primary School","80101100508","26"
"Aranda Primary School","80101100509","28"
"Aranda Primary School","80101100103","37"
"Aranda Primary School","80101100102","38"
"Aranda Primary School","80101100104","39"
"Aranda Primary School","80101100106","45"
"Aranda Primary School","80101100105","66"
"Arawang Primary School","80108109605","5"
"Arawang Primary School","80108109807","5"
"Arawang Primary School","80110113503","5"
"Arawang Primary School","80107108230","6"
"Arawang Primary School","80108109801","6"
"Arawang Primary School","80108109814","6"
"Arawang Primary School","80108109802","7"
"Arawang Primary School","80108109804","7"
"Arawang Primary School","80108109808","9"
"Arawang Primary School","80111114003","9"
"Arawang Primary School","80108109602","10"
"Arawang Primary School","80108109603","11"
"Arawang Primary School","80108109301","13"
"Arawang Primary School","80108109303","14"
"Arawang Primary School","80108109809","14"
"Arawang Primary School","80108109708","15"
"Arawang Primary School","80108109706","16"
"Arawang Primary School","80108109305","22"
"Arawang Primary School","80108109701","25"
"Arawang Primary School","80108109702","25"
"Arawang Primary School","80108109703","27"
"Arawang Primary School","80108109302","29"
"Arawang Primary School","80108109304","29"
"Arawang Primary School","80108109707","29"
"Arawang Primary School","80108109306","41"
"Belconnen High School","80101100405","5"
"Belconnen High School","80101100609","5"
"Belconnen High School","80101100612","5"
"Belconnen High School","80101100803","5"
"Belconnen High School","80101100811","5"
"Belconnen High School","80101101301","5"
"Belconnen High School","80101101706","5"
"Belconnen High School","80101101911","5"
"Belconnen High School","80101101913","5"
"Belconnen High School","80101102306","5"
"Belconnen High School","80101102406","5"
"Belconnen High School","10106154217","6"
"Belconnen High School","80101101304","6"
"Belconnen High School","80101101305","6"
"Belconnen High School","80101101308","6"
"Belconnen High School","80101101702","6"
"Belconnen High School","80101100616","7"
"Belconnen High School","80101101302","7"
"Belconnen High School","80101101303","7"
"Belconnen High School","80101101306","7"
"Belconnen High School","80101102301","7"
"Belconnen High School","80101102603","7"
"Belconnen High School","80101101503","8"
"Belconnen High School","80101102304","8"
"Belconnen High School","80101100406","9"
"Belconnen High School","80101101310","10"
"Belconnen High School","80101102402","10"
"Belconnen High School","80101102404","10"
"Bonython Primary School","80107107303","5"
"Bonython Primary School","80107107818","5"
"Bonython Primary School","80107108106","5"
"Bonython Primary School","80107108112","5"
"Bonython Primary School","80107108101","6"
"Bonython Primary School","80107108103","7"
"Bonython Primary School","80107108109","7"
"Bonython Primary School","80107107211","9"
"Bonython Primary School","80107108105","9"
"Bonython Primary School","80107107206","15"
"Bonython Primary School","80107107210","16"
"Bonython Primary School","80107107202","19"
"Bonython Primary School","80107107205","19"
"Bonython Primary School","80107107207","23"
"Bonython Primary School","80107107203","24"
"Bonython Primary School","80107107204","25"
"Bonython Primary School","80107107208","28"
"Calwell High School","10102101129","5"
"Calwell High School","80107107301","5"
"Calwell High School","80107107303","5"
"Calwell High School","80107107313","5"
"Calwell High School","80107108103","5"
"Calwell High School","80107108415","5"
"Calwell High School","80107108705","5"
"Calwell High School","80107108706","5"
"Calwell High School","80107108804","5"
"Calwell High School","80107107304","6"
"Calwell High School","80107107307","6"
"Calwell High School","80107107406","6"
"Calwell High School","80107108701","6"
"Calwell High School","80107108702","6"
"Calwell High School","80107108703","6"
"Calwell High School","80107108802","6"
"Calwell High School","80107107302","7"
"Calwell High School","80107107311","7"
"Calwell High School","80107108809","7"
"Calwell High School","80107108810","7"
"Calwell High School","80107107312","8"
"Calwell High School","80107107316","8"
"Calwell High School","80107108104","8"
"Calwell High School","80107108801","8"
"Calwell High School","80107108808","8"
"Calwell High School","80107108806","10"
"Calwell High School","80107107309","11"
"Calwell High School","80107108805","12"
"Calwell High School","80107108807","15"
"Calwell Primary School","80107107313","5"
"Calwell Primary School","80107107302","6"
"Calwell Primary School","80107107317","6"
"Calwell Primary School","80107108105","6"
"Calwell Primary School","80107108703","6"
"Calwell Primary School","80107107314","7"
"Calwell Primary School","80107107312","9"
"Calwell Primary School","80107107316","10"
"Calwell Primary School","80107107308","11"
"Calwell Primary School","80107107301","12"
"Calwell Primary School","80107107303","12"
"Calwell Primary School","80107107309","13"
"Calwell Primary School","80107107304","19"
"Calwell Primary School","80107107307","22"
"Calwell Primary School","80107107311","23"
"Campbell High School","10102101130","5"
"Campbell High School","10102101131","5"
"Campbell High School","10102101135","5"
"Campbell High School","10102101142","5"
"Campbell High School","10102101216","5"
"Campbell High School","10102101222","5"
"Campbell High School","10106154208","5"
"Campbell High School","10106154230","5"
"Campbell High School","80105105002","5"
"Campbell High School","80105105102","5"
"Campbell High School","80105106114","5"
"Campbell High School","80105106119","5"
"Campbell High School","80105112701","5"
"Campbell High School","10102101101","6"
"Campbell High School","10102101103","6"
"Campbell High School","10102101126","6"
"Campbell High School","80105105006","6"
"Campbell High School","80105105008","6"
"Campbell High School","80105105014","6"
"Campbell High School","80105105017","6"
"Campbell High School","80105105111","6"
"Campbell High School","80105105507","6"
"Campbell High School","80105112501","6"
"Campbell High School","80105112702","6"
"Campbell High School","10102101102","7"
"Campbell High School","10102101125","7"
"Campbell High School","10106154205","7"
"Campbell High School","10102101107","8"
"Campbell High School","10102101139","8"
"Campbell High School","10102101146","8"
"Campbell High School","80105105007","8"
"Campbell High School","80105105605","8"
"Campbell High School","80105112401","8"
"Campbell High School","80105105011","9"
"Campbell High School","80105105602","9"
"Campbell High School","10102101132","10"
"Campbell High School","80105105012","10"
"Campbell High School","80105112405","10"
"Campbell High School","80105105604","11"
"Campbell High School","10102101145","12"
"Campbell High School","80105105005","12"
"Campbell High School","80105105601","12"
"Campbell High School","10102101152","14"
"Campbell High School","80105105001","15"
"Campbell High School","80105105013","15"
"Campbell High School","10106154213","16"
"Campbell Primary School","10102101211","5"
"Campbell Primary School","80105105013","5"
"Campbell Primary School","10102101002","6"
"Campbell Primary School","10102101203","6"
"Campbell Primary School","10102101221","6"
"Campbell Primary School","80103111401","8"
"Campbell Primary School","80105112407","9"
"Campbell Primary School","80105112402","12"
"Campbell Primary School","80105112404","14"
"Campbell Primary School","80105112401","19"
"Campbell Primary School","80105112406","21"
"Campbell Primary School","80105112405","23"
"Campbell Primary School","80105112403","27"
"Campbell Primary School","80105112501","44"
"Canberra High School","80101100202","5"
"Canberra High School","80101100312","5"
"Canberra High School","80101100403","5"
"Canberra High School","80101100612","5"
"Canberra High School","80101100623","5"
"Canberra High School","80101100704","5"
"Canberra High School","80101100807","5"
"Canberra High School","80101101303","5"
"Canberra High School","80101101701","5"
"Canberra High School","80101101902","5"
"Canberra High School","80101102304","5"
"Canberra High School","80101100504","6"
"Canberra High School","80101100508","6"
"Canberra High School","80101100812","6"
"Canberra High School","80101101304","6"
"Canberra High School","80101101702","6"
"Canberra High School","80101101918","6"
"Canberra High School","80101102005","6"
"Canberra High School","80101102503","6"
"Canberra High School","80101102601","6"
"Canberra High School","80101100106","7"
"Canberra High School","80101100304","7"
"Canberra High School","80101100707","7"
"Canberra High School","80101100712","7"
"Canberra High School","80101101704","7"
"Canberra High School","80101101706","7"
"Canberra High School","80101101907","7"
"Canberra High School","80101101913","7"
"Canberra High School","80101102001","7"
"Canberra High School","80101102607","7"
"Canberra High School","80101102007","8"
"Canberra High School","80101102603","8"
"Canberra High School","80101100102","9"
"Canberra High School","80101100103","9"
"Canberra High School","80101100803","9"
"Canberra High School","80101102004","9"
"Canberra High School","80101100201","10"
"Canberra High School","80101100502","10"
"Canberra High School","80101100503","10"
"Canberra High School","80101102002","10"
"Canberra High School","80101102604","10"
"Canberra High School","80101100105","11"
"Canberra High School","80101100211","11"
"Canberra High School","80101102006","11"
"Canberra High School","80101100208","12"
"Canberra High School","80101100507","12"
"Canberra High School","80101100509","12"
"Canberra High School","80101102008","13"
"Canberra High School","80101102402","14"
"Canberra High School","80101102606","15"
"Canberra High School","80101100104","16"
"Caroline Chisholm School","80107107410","5"
"Caroline Chisholm School","80107107903","5"
"Caroline Chisholm School","80107107907","5"
"Caroline Chisholm School","80107108105","5"
"Caroline Chisholm School","80107108418","5"
"Caroline Chisholm School","80107107406","6"
"Caroline Chisholm School","80107107901","6"
"Caroline Chisholm School","80107108301","6"
"Caroline Chisholm School","80107108603","6"
"Caroline Chisholm School","80107107703","7"
"Caroline Chisholm School","80107107707","7"
"Caroline Chisholm School","80107108704","7"
"Caroline Chisholm School","80107107706","8"
"Caroline Chisholm School","80107108705","8"
"Caroline Chisholm School","80107107905","9"
"Caroline Chisholm School","80107107408","10"
"Caroline Chisholm School","80107108701","10"
"Caroline Chisholm School","80107108702","10"
"Caroline Chisholm School","80107107412","11"
"Caroline Chisholm School","80107108707","11"
"Caroline Chisholm School","80107108706","12"
"Caroline Chisholm School","80107107705","13"
"Caroline Chisholm School","80107107413","16"
"Caroline Chisholm School","80107107909","16"
"Caroline Chisholm School","80107107403","17"
"Caroline Chisholm School","80107107701","18"
"Caroline Chisholm School","80107107411","20"
"Caroline Chisholm School","80107107402","21"
"Caroline Chisholm School","80107107702","21"
"Caroline Chisholm School","80107107401","26"
"Caroline Chisholm School","80107107404","28"
"Caroline Chisholm School","80107107409","28"
"Caroline Chisholm School","80107107407","38"
"Caroline Chisholm School","80107107405","59"
"Chapman Primary School","80108109304","5"
"Chapman Primary School","80108109305","5"
"Chapman Primary School","80108109401","5"
"Chapman Primary School","80108109808","5"
"Chapman Primary School","80107108229","6"
"Chapman Primary School","80108109406","6"
"Chapman Primary School","80108109503","8"
"Chapman Primary School","80108109509","9"
"Chapman Primary School","80108109101","11"
"Chapman Primary School","80108109103","12"
"Chapman Primary School","80108109104","14"
"Chapman Primary School","80108109602","14"
"Chapman Primary School","80108109504","16"
"Chapman Primary School","80108109107","18"
"Chapman Primary School","80108109601","18"
"Chapman Primary School","80108109106","19"
"Chapman Primary School","80108109505","22"
"Chapman Primary School","80108109506","23"
"Chapman Primary School","80108109605","23"
"Chapman Primary School","80108109507","24"
"Chapman Primary School","80108109102","26"
"Chapman Primary School","80108109105","26"
"Chapman Primary School","80108109501","26"
"Chapman Primary School","80108109604","26"
"Chapman Primary School","80108109502","27"
"Chapman Primary School","80108109603","32"
"Chapman Primary School","80108109108","33"
"Chapman Primary School","80108109508","40"
"Charles Conder Primary School","80107107503","5"
"Charles Conder Primary School","80107107508","6"
"Charles Conder Primary School","80107107111","7"
"Charles Conder Primary School","80107107504","8"
"Charles Conder Primary School","80107107104","9"
"Charles Conder Primary School","80107107105","10"
"Charles Conder Primary School","80107107102","12"
"Charles Conder Primary School","80107107513","12"
"Charles Conder Primary School","80107107517","12"
"Charles Conder Primary School","80107107107","13"
"Charles Conder Primary School","80107107113","13"
"Charles Conder Primary School","80107107106","15"
"Charles Conder Primary School","80107107114","15"
"Charles Conder Primary School","80107107112","17"
"Charles Conder Primary School","80107107505","20"
"Charles Conder Primary School","80107107507","20"
"Charles Conder Primary School","80107107109","21"
"Charles Conder Primary School","80107107110","22"
"Charles Conder Primary School","80107107108","23"
"Charles Conder Primary School","80107107510","28"
"Charles Conder Primary School","80107107506","37"
"Charnwood-Dunlop School","80101101909","5"
"Charnwood-Dunlop School","80101100612","6"
"Charnwood-Dunlop School","80101100622","6"
"Charnwood-Dunlop School","80101100609","7"
"Charnwood-Dunlop School","80101100611","7"
"Charnwood-Dunlop School","80101100613","8"
"Charnwood-Dunlop School","80101100408","9"
"Charnwood-Dunlop School","80101100604","9"
"Charnwood-Dunlop School","80101100614","9"
"Charnwood-Dunlop School","80101100617","9"
"Charnwood-Dunlop School","80101100608","12"
"Charnwood-Dunlop School","80101100610","12"
"Charnwood-Dunlop School","80101100616","13"
"Charnwood-Dunlop School","80101100405","15"
"Charnwood-Dunlop School","80101100409","18"
"Charnwood-Dunlop School","80101100402","19"
"Charnwood-Dunlop School","80101100404","22"
"Charnwood-Dunlop School","80101100623","23"
"Charnwood-Dunlop School","80101100403","25"
"Charnwood-Dunlop School","80101100406","29"
"Curtin Primary School","80107108229","5"
"Curtin Primary School","80108109605","5"
"Curtin Primary School","80109110805","5"
"Curtin Primary School","80110113902","5"
"Curtin Primary School","80109110505","6"
"Curtin Primary School","80109110507","7"
"Curtin Primary School","80109110504","8"
"Curtin Primary School","80109110007","9"
"Curtin Primary School","80109110001","12"
"Curtin Primary School","80109110506","15"
"Curtin Primary School","80109110005","21"
"Curtin Primary School","80109110003","23"
"Curtin Primary School","80109110006","23"
"Curtin Primary School","80109110011","23"
"Curtin Primary School","80109110502","26"
"Curtin Primary School","80109110009","30"
"Curtin Primary School","80109110002","31"
"Curtin Primary School","80109110010","33"
"Curtin Primary School","80109110012","35"
"Curtin Primary School","80109110004","45"
"Curtin Primary School","80109110008","48"
"Dickson College","10106154221","5"
"Dickson College","80101100901","5"
"Dickson College","80101101619","5"
"Dickson College","80105105001","5"
"Dickson College","80105105005","5"
"Dickson College","80105105401","5"
"Dickson College","80105105501","5"
"Dickson College","80105105503","5"
"Dickson College","80105105504","5"
"Dickson College","80105105507","5"
"Dickson College","80105105804","5"
"Dickson College","80105106109","5"
"Dickson College","80105106110","5"
"Dickson College","10106154213","6"
"Dickson College","80105105604","6"
"Dickson College","80105105801","6"
"Dickson College","80105105808","6"
"Dickson College","80105106006","6"
"Dickson College","80105106119","6"
"Dickson College","80105105404","7"
"Dickson College","80105105406","7"
"Dickson College","80105106112","7"
"Dickson College","10102101125","8"
"Dickson College","10102101145","8"
"Dickson College","80105105011","8"
"Dickson College","80105105014","8"
"Dickson College","80105106101","8"
"Dickson College","80105106107","8"
"Dickson College","80105105508","9"
"Dickson College","80105105509","9"
"Dickson College","80105105602","10"
"Dickson College","80105105607","10"
"Dickson College","80105106108","10"
"Dickson College","80105105013","11"
"Duffy Primary School","80108109101","5"
"Duffy Primary School","80108109804","5"
"Duffy Primary School","80110113906","5"
"Duffy Primary School","80108109802","7"
"Duffy Primary School","80108109209","8"
"Duffy Primary School","80108109505","8"
"Duffy Primary School","80108109508","8"
"Duffy Primary School","80108109404","11"
"Duffy Primary School","80108109401","12"
"Duffy Primary School","80108109203","13"
"Duffy Primary School","80108109204","13"
"Duffy Primary School","80108109403","13"
"Duffy Primary School","80108109407","13"
"Duffy Primary School","80111114003","13"
"Duffy Primary School","80108109202","14"
"Duffy Primary School","80108109206","14"
"Duffy Primary School","80108109207","14"
"Duffy Primary School","80108109406","17"
"Duffy Primary School","80108109812","17"
"Duffy Primary School","80108109205","18"
"Duffy Primary School","80108109405","20"
"Duffy Primary School","80108109201","21"
"Duffy Primary School","80108109208","30"
"Erindale College","80107107110","5"
"Erindale College","80107107405","5"
"Erindale College","80107107608","5"
"Erindale College","80107107805","5"
"Erindale College","80107107821","5"
"Erindale College","80107107909","5"
"Erindale College","80107108231","5"
"Erindale College","80107108703","5"
"Erindale College","80107108810","5"
"Erindale College","80107109004","5"
"Erindale College","80107109006","5"
"Erindale College","80107109010","5"
"Erindale College","80107109014","5"
"Erindale College","80107107407","6"
"Erindale College","80107107510","6"
"Erindale College","80107107604","6"
"Erindale College","80107108415","6"
"Erindale College","80107108706","7"
"Erindale College","80107108806","10"
"Evatt Primary School","80101100406","5"
"Evatt Primary School","80101100705","5"
"Evatt Primary School","80101100714","5"
"Evatt Primary School","80101102102","5"
"Evatt Primary School","10106154225","6"
"Evatt Primary School","80101100707","6"
"Evatt Primary School","80101102505","6"
"Evatt Primary School","80101100708","7"
"Evatt Primary School","80101100405","9"
"Evatt Primary School","80101102103","9"
"Evatt Primary School","80101102104","11"
"Evatt Primary School","80101102503","11"
"Evatt Primary School","80101102101","13"
"Evatt Primary School","80101100712","14"
"Evatt Primary School","80101100713","15"
"Evatt Primary School","80101100709","16"
"Evatt Primary School","80101100710","16"
"Evatt Primary School","80101102105","21"
"Evatt Primary School","80101100711","36"
"Fadden Primary School","80107107609","5"
"Fadden Primary School","80107107701","5"
"Fadden Primary School","80107107905","5"
"Fadden Primary School","80107107904","6"
"Fadden Primary School","80107107601","10"
"Fadden Primary School","80107107605","12"
"Fadden Primary School","80107107602","14"
"Fadden Primary School","80107107608","14"
"Fadden Primary School","80107107606","21"
"Fadden Primary School","80107108303","21"
"Fadden Primary School","80107108301","23"
"Fadden Primary School","80107107604","24"
"Fadden Primary School","80107107603","27"
"Fadden Primary School","80107108302","27"
"Farrer Primary  School","80109110401","9"
"Farrer Primary  School","80109110101","11"
"Farrer Primary  School","80109110404","12"
"Farrer Primary  School","80109110110","13"
"Farrer Primary  School","80109110106","14"
"Farrer Primary  School","80109110108","16"
"Farrer Primary  School","80109110109","16"
"Farrer Primary  School","80109110403","16"
"Farrer Primary  School","80109110405","19"
"Farrer Primary  School","80109110102","21"
"Farrer Primary  School","80109110105","22"
"Farrer Primary  School","80109110107","26"
"Farrer Primary  School","80109110104","28"
"Florey Primary  School","80101102303","5"
"Florey Primary  School","80101102406","5"
"Florey Primary  School","80101102407","6"
"Florey Primary  School","80101100203","7"
"Florey Primary  School","80101100616","7"
"Florey Primary  School","80101102304","7"
"Florey Primary  School","80101102402","8"
"Florey Primary  School","80101102408","9"
"Florey Primary  School","80101100811","10"
"Florey Primary  School","80101102405","11"
"Florey Primary  School","80101100804","15"
"Florey Primary  School","80101100809","15"
"Florey Primary  School","80101100808","16"
"Florey Primary  School","80101100801","17"
"Florey Primary  School","80101100211","19"
"Florey Primary  School","80101100806","21"
"Florey Primary  School","80101100802","22"
"Florey Primary  School","80101100810","23"
"Florey Primary  School","80101100803","28"
"Florey Primary  School","80101100812","28"
"Florey Primary  School","80101100807","29"
"Florey Primary  School","80101100805","37"
"Forrest Primary  School","80106106302","5"
"Forrest Primary  School","80106106304","5"
"Forrest Primary  School","80106106411","5"
"Forrest Primary  School","80106106709","5"
"Forrest Primary  School","80106106715","5"
"Forrest Primary  School","80106106716","5"
"Forrest Primary  School","80106107008","5"
"Forrest Primary  School","80106106206","6"
"Forrest Primary  School","80106106401","6"
"Forrest Primary  School","80106106405","6"
"Forrest Primary  School","80106106706","6"
"Forrest Primary  School","80106112903","6"
"Forrest Primary  School","80106106202","7"
"Forrest Primary  School","80106106714","7"
"Forrest Primary  School","80106113105","7"
"Forrest Primary  School","80106106209","8"
"Forrest Primary  School","80106106402","8"
"Forrest Primary  School","80106112901","8"
"Forrest Primary  School","80106112902","8"
"Forrest Primary  School","80106106208","9"
"Forrest Primary  School","80106106704","9"
"Forrest Primary  School","80106106705","10"
"Forrest Primary  School","80106106303","11"
"Forrest Primary  School","80106106413","12"
"Forrest Primary  School","80106113103","12"
"Forrest Primary  School","80106106701","14"
"Forrest Primary  School","80106113102","15"
"Forrest Primary  School","80106106301","24"
"Forrest Primary  School","80106106205","26"
"Franklin Early Childhood School","80104103915","5"
"Franklin Early Childhood School","80104104017","5"
"Franklin Early Childhood School","80104103920","8"
"Franklin Early Childhood School","80104103923","9"
"Franklin Early Childhood School","80104103909","10"
"Franklin Early Childhood School","80104103910","11"
"Franklin Early Childhood School","80104103908","12"
"Franklin Early Childhood School","80104103912","12"
"Franklin Early Childhood School","80104103907","13"
"Franklin Early Childhood School","80104103914","13"
"Franklin Early Childhood School","80104103922","13"
"Franklin Early Childhood School","80104103925","14"
"Franklin Early Childhood School","80104103927","15"
"Franklin Early Childhood School","80104103924","17"
"Franklin Early Childhood School","80104103919","18"
"Fraser Primary School","80101100904","5"
"Fraser Primary School","80101100612","6"
"Fraser Primary School","80101100405","7"
"Fraser Primary School","80101100604","7"
"Fraser Primary School","80101100614","8"
"Fraser Primary School","80101100608","9"
"Fraser Primary School","80101100623","10"
"Fraser Primary School","80101100908","10"
"Fraser Primary School","80101100403","11"
"Fraser Primary School","80101100401","13"
"Fraser Primary School","80101100620","13"
"Fraser Primary School","80101100605","20"
"Fraser Primary School","80101100618","21"
"Fraser Primary School","80101100606","23"
"Fraser Primary School","80101101004","23"
"Fraser Primary School","80101101002","24"
"Fraser Primary School","80101100622","27"
"Fraser Primary School","80101101005","30"
"Fraser Primary School","80101100607","31"
"Fraser Primary School","80101101003","40"
"Fraser Primary School","80101101001","43"
"Garran Primary School","80109110303","5"
"Garran Primary School","80109110507","5"
"Garran Primary School","80109110701","5"
"Garran Primary School","80109111001","5"
"Garran Primary School","80108109304","6"
"Garran Primary School","80106106903","7"
"Garran Primary School","80109110307","9"
"Garran Primary School","80109110204","10"
"Garran Primary School","80109110702","18"
"Garran Primary School","80109110206","21"
"Garran Primary School","80109110205","23"
"Garran Primary School","80109110209","25"
"Garran Primary School","80109110203","44"
"Garran Primary School","80109110211","56"
"Garran Primary School","80109110202","65"
"Garran Primary School","80109110207","128"
"Gilmore Primary School","80107107704","5"
"Gilmore Primary School","80107107706","5"
"Gilmore Primary School","80107108701","5"
"Gilmore Primary School","80107107703","9"
"Gilmore Primary School","80107107707","11"
"Gilmore Primary School","80107107705","14"
"Gilmore Primary School","80107107702","18"
"Gilmore Primary School","80107107701","23"
"Giralang Primary School","80101102506","5"
"Giralang Primary School","80104103704","6"
"Giralang Primary School","80101101109","7"
"Giralang Primary School","80101101110","10"
"Giralang Primary School","80101101106","18"
"Giralang Primary School","80101101108","18"
"Giralang Primary School","80101101102","19"
"Giralang Primary School","80101101105","20"
"Giralang Primary School","80101101104","37"
"Giralang Primary School","80101101103","41"
"Giralang Primary School","80101101101","48"
"Gold Creek School","80104103708","5"
"Gold Creek School","80104103912","5"
"Gold Creek School","80104104301","5"
"Gold Creek School","80104104603","5"
"Gold Creek School","80104104607","5"
"Gold Creek School","80104104613","5"
"Gold Creek School","80104104632","5"
"Gold Creek School","80104104633","5"
"Gold Creek School","80104104801","5"
"Gold Creek School","80104104808","5"
"Gold Creek School","80104104811","5"
"Gold Creek School","80104104302","6"
"Gold Creek School","80104104601","6"
"Gold Creek School","80104104616","6"
"Gold Creek School","80104104619","6"
"Gold Creek School","80104104709","6"
"Gold Creek School","80104104804","6"
"Gold Creek School","80104104812","6"
"Gold Creek School","80104103509","7"
"Gold Creek School","80104103706","7"
"Gold Creek School","80104104707","7"
"Gold Creek School","80104104813","7"
"Gold Creek School","10106154233","8"
"Gold Creek School","80104103522","8"
"Gold Creek School","80104104631","8"
"Gold Creek School","80104104635","8"
"Gold Creek School","80104104702","8"
"Gold Creek School","80104103612","9"
"Gold Creek School","80104104609","9"
"Gold Creek School","80104104621","9"
"Gold Creek School","80104104627","9"
"Gold Creek School","80104104803","9"
"Gold Creek School","10106154225","10"
"Gold Creek School","80104104602","10"
"Gold Creek School","80104104719","10"
"Gold Creek School","80104104805","10"
"Gold Creek School","80104103615","11"
"Gold Creek School","80104104618","11"
"Gold Creek School","80104104620","11"
"Gold Creek School","80104104628","11"
"Gold Creek School","80104104634","11"
"Gold Creek School","80104103605","12"
"Gold Creek School","80104104626","12"
"Gold Creek School","80104104637","12"
"Gold Creek School","80104104636","13"
"Gold Creek School","80104104703","13"
"Gold Creek School","80104104715","13"
"Gold Creek School","80104104617","14"
"Gold Creek School","80104103607","15"
"Gold Creek School","80104103610","15"
"Gold Creek School","80104104623","15"
"Gold Creek School","80104104625","15"
"Gold Creek School","80104104708","15"
"Gold Creek School","80104104802","15"
"Gold Creek School","80104104704","16"
"Gold Creek School","80104104705","16"
"Gold Creek School","80104104717","16"
"Gold Creek School","80104104718","16"
"Gold Creek School","80104104622","17"
"Gold Creek School","80104104711","17"
"Gold Creek School","80104104606","18"
"Gold Creek School","80104103611","19"
"Gold Creek School","80104103614","19"
"Gold Creek School","80104103606","21"
"Gold Creek School","80104104630","21"
"Gold Creek School","80104104706","21"
"Gold Creek School","80104103604","22"
"Gold Creek School","80104103613","22"
"Gold Creek School","80104104710","24"
"Gold Creek School","80104104712","26"
"Gold Creek School","80104103609","27"
"Gold Creek School","80104103617","29"
"Gold Creek School","80104104716","29"
"Gold Creek School","80104103616","34"
"Gold Creek School","80104103608","39"
"Gold Creek School","80104104713","40"
"Gold Creek School","80104103601","44"
"Gordon Primary School","80107107505","5"
"Gordon Primary School","80107107814","5"
"Gordon Primary School","80107107817","5"
"Gordon Primary School","80107107108","6"
"Gordon Primary School","80107107510","6"
"Gordon Primary School","80107107106","7"
"Gordon Primary School","80107107113","7"
"Gordon Primary School","80107107819","7"
"Gordon Primary School","80107107107","8"
"Gordon Primary School","80107107503","9"
"Gordon Primary School","80107107804","9"
"Gordon Primary School","80107107807","9"
"Gordon Primary School","80107107812","9"
"Gordon Primary School","80107107808","10"
"Gordon Primary School","80107107815","10"
"Gordon Primary School","80107107816","10"
"Gordon Primary School","80107107813","11"
"Gordon Primary School","80107107502","12"
"Gordon Primary School","80107107102","13"
"Gordon Primary School","80107107805","13"
"Gordon Primary School","80107107821","14"
"Gordon Primary School","80107107802","15"
"Gordon Primary School","80107107820","15"
"Gordon Primary School","80107107112","16"
"Gordon Primary School","80107107110","21"
"Gordon Primary School","80107107516","24"
"Gordon Primary School","80107107803","24"
"Gordon Primary School","80107107806","25"
"Gordon Primary School","80107107801","28"
"Gordon Primary School","80107107810","28"
"Gordon Primary School","80107107811","37"
"Gowrie Primary School","80107107311","5"
"Gowrie Primary School","80107107409","5"
"Gowrie Primary School","80107107701","5"
"Gowrie Primary School","80107107706","5"
"Gowrie Primary School","80107107908","5"
"Gowrie Primary School","80107108707","5"
"Gowrie Primary School","80107107404","6"
"Gowrie Primary School","80107108701","6"
"Gowrie Primary School","80107108702","6"
"Gowrie Primary School","80107107901","7"
"Gowrie Primary School","80107107405","9"
"Gowrie Primary School","80107107407","9"
"Gowrie Primary School","80107107902","10"
"Gowrie Primary School","80107107907","10"
"Gowrie Primary School","80107107903","13"
"Gowrie Primary School","80107107906","15"
"Gowrie Primary School","80107107905","16"
"Gowrie Primary School","80107107909","17"
"Gungahlin College","10106154225","5"
"Gungahlin College","80101101101","5"
"Gungahlin College","80104103403","5"
"Gungahlin College","80104103413","5"
"Gungahlin College","80104103507","5"
"Gungahlin College","80104103514","5"
"Gungahlin College","80104103515","5"
"Gungahlin College","80104103517","5"
"Gungahlin College","80104103711","5"
"Gungahlin College","80104103805","5"
"Gungahlin College","80104103907","5"
"Gungahlin College","80104103910","5"
"Gungahlin College","80104103912","5"
"Gungahlin College","80104103923","5"
"Gungahlin College","80104104017","5"
"Gungahlin College","80104104401","5"
"Gungahlin College","80104104411","5"
"Gungahlin College","80104104601","5"
"Gungahlin College","80104104602","5"
"Gungahlin College","80104104607","5"
"Gungahlin College","80104104614","5"
"Gungahlin College","80104104617","5"
"Gungahlin College","80104104618","5"
"Gungahlin College","80104104620","5"
"Gungahlin College","80104104623","5"
"Gungahlin College","80104104625","5"
"Gungahlin College","80104104627","5"
"Gungahlin College","80104104635","5"
"Gungahlin College","80104104637","5"
"Gungahlin College","80104104710","5"
"Gungahlin College","80104104716","5"
"Gungahlin College","80104103407","6"
"Gungahlin College","80104103506","6"
"Gungahlin College","80104103508","6"
"Gungahlin College","80104103511","6"
"Gungahlin College","80104103520","6"
"Gungahlin College","80104103616","6"
"Gungahlin College","80104103704","6"
"Gungahlin College","80104103807","6"
"Gungahlin College","80104104005","6"
"Gungahlin College","80104104006","6"
"Gungahlin College","80104104405","6"
"Gungahlin College","80104104412","6"
"Gungahlin College","80104104413","6"
"Gungahlin College","80104104426","6"
"Gungahlin College","80104104622","6"
"Gungahlin College","80104104630","6"
"Gungahlin College","80104104636","6"
"Gungahlin College","80104104705","6"
"Gungahlin College","80104104711","6"
"Gungahlin College","80104104713","6"
"Gungahlin College","80104104805","6"
"Gungahlin College","80104103501","7"
"Gungahlin College","80104103522","7"
"Gungahlin College","80104103604","7"
"Gungahlin College","80104103808","7"
"Gungahlin College","80104104019","7"
"Gungahlin College","80104104606","7"
"Gungahlin College","80104104715","7"
"Gungahlin College","80104104719","7"
"Gungahlin College","80104104801","7"
"Gungahlin College","80104104809","7"
"Gungahlin College","80104104814","7"
"Gungahlin College","80104103404","8"
"Gungahlin College","80104103405","8"
"Gungahlin College","80104103414","8"
"Gungahlin College","80104103513","8"
"Gungahlin College","80104103809","8"
"Gungahlin College","80104103812","8"
"Gungahlin College","80104103922","8"
"Gungahlin College","80104103924","8"
"Gungahlin College","80104104015","8"
"Gungahlin College","80104104026","8"
"Gungahlin College","80104104414","8"
"Gungahlin College","80104104613","8"
"Gungahlin College","80104104802","8"
"Gungahlin College","80104104807","8"
"Gungahlin College","80104104810","8"
"Gungahlin College","80104104812","8"
"Gungahlin College","80104103411","9"
"Gungahlin College","80104103509","9"
"Gungahlin College","80104103510","9"
"Gungahlin College","80104103519","9"
"Gungahlin College","80104103815","9"
"Gungahlin College","80104104404","9"
"Gungahlin College","80104104609","9"
"Gungahlin College","80104104619","9"
"Gungahlin College","80104104621","9"
"Gungahlin College","80104104703","9"
"Gungahlin College","80104104706","9"
"Gungahlin College","80104111801","9"
"Gungahlin College","80104103512","10"
"Gungahlin College","80104103601","10"
"Gungahlin College","80104103927","10"
"Gungahlin College","80104104001","10"
"Gungahlin College","80104104007","10"
"Gungahlin College","80104103401","11"
"Gungahlin College","80104103408","11"
"Gungahlin College","80104103608","11"
"Gungahlin College","80104103412","14"
"Gungahlin College","80104104008","15"
"Gungahlin College","80104103410","23"
"Harrison School","10106154217","5"
"Harrison School","80101102105","5"
"Harrison School","80104103511","5"
"Harrison School","80104103804","5"
"Harrison School","80104103921","5"
"Harrison School","80104104027","5"
"Harrison School","80104104602","5"
"Harrison School","80104103810","6"
"Harrison School","80104103918","6"
"Harrison School","80104104014","6"
"Harrison School","80104103714","7"
"Harrison School","80104103806","7"
"Harrison School","80104104022","7"
"Harrison School","80104103708","8"
"Harrison School","80104104002","8"
"Harrison School","80104104410","8"
"Harrison School","80104103919","9"
"Harrison School","80104103505","10"
"Harrison School","80104103916","10"
"Harrison School","80104104421","10"
"Harrison School","80104103809","11"
"Harrison School","80104103815","11"
"Harrison School","80104103907","11"
"Harrison School","80104104019","11"
"Harrison School","80104103908","13"
"Harrison School","80104104024","13"
"Harrison School","80104103814","16"
"Harrison School","80104103808","17"
"Harrison School","80104103813","17"
"Harrison School","80104103915","17"
"Harrison School","80104103909","18"
"Harrison School","80104103910","20"
"Harrison School","80104103922","20"
"Harrison School","80104104025","20"
"Harrison School","80104104415","20"
"Harrison School","80104103914","21"
"Harrison School","80104103925","22"
"Harrison School","80104104015","22"
"Harrison School","80104104420","23"
"Harrison School","80104104417","24"
"Harrison School","80104104423","24"
"Harrison School","80104104013","25"
"Harrison School","80104104412","25"
"Harrison School","80104104426","25"
"Harrison School","80104104006","27"
"Harrison School","80104103912","29"
"Harrison School","80104104017","29"
"Harrison School","80104104026","29"
"Harrison School","80104103924","31"
"Harrison School","80104104001","31"
"Harrison School","80104103923","32"
"Harrison School","80104104419","34"
"Harrison School","80104104005","35"
"Harrison School","80104104416","35"
"Harrison School","80104104418","35"
"Harrison School","80104104413","36"
"Harrison School","80104103927","38"
"Harrison School","80104104414","38"
"Harrison School","80104104008","39"
"Harrison School","80104104405","43"
"Harrison School","80104104007","44"
"Harrison School","80104104409","45"
"Harrison School","80104104411","45"
"Harrison School","80104104424","51"
"Harrison School","80104104401","59"
"Harrison School","80104104402","59"
"Harrison School","80104104404","61"
"Hawker College","80101100608","5"
"Hawker College","80101100616","5"
"Hawker College","80101101304","5"
"Hawker College","80101101305","5"
"Hawker College","80101101310","5"
"Hawker College","80101101407","5"
"Hawker College","80101101509","5"
"Hawker College","80101101706","5"
"Hawker College","80101101905","5"
"Hawker College","80101102606","5"
"Hawker College","80101102607","5"
"Hawker College","80101101907","6"
"Hawker College","80101101913","6"
"Hawker College","80101102605","6"
"Hawker College","80101101405","7"
"Hawker College","80101101503","7"
"Hawker College","80101101911","7"
"Hawker College","80101102402","7"
"Hawker College","80101101504","8"
"Hawker Primary School","80101102301","5"
"Hawker Primary School","80101102401","5"
"Hawker Primary School","80101101404","6"
"Hawker Primary School","80101101510","6"
"Hawker Primary School","80101102402","6"
"Hawker Primary School","80101101407","7"
"Hawker Primary School","80101102403","7"
"Hawker Primary School","80101102604","7"
"Hawker Primary School","80101101307","8"
"Hawker Primary School","80101102404","9"
"Hawker Primary School","80101102406","9"
"Hawker Primary School","80101101301","10"
"Hawker Primary School","80101102304","12"
"Hawker Primary School","80101102408","13"
"Hawker Primary School","80101101308","17"
"Hawker Primary School","80101101304","18"
"Hawker Primary School","80101101303","19"
"Hawker Primary School","80101101310","21"
"Hawker Primary School","80101101302","26"
"Hawker Primary School","80101101305","28"
"Hawker Primary School","80101101306","32"
"Hughes Primary School","80106107008","5"
"Hughes Primary School","80108109405","5"
"Hughes Primary School","80109110209","5"
"Hughes Primary School","80109111001","5"
"Hughes Primary School","80110113906","5"
"Hughes Primary School","80109110505","7"
"Hughes Primary School","80109109901","8"
"Hughes Primary School","80109110308","9"
"Hughes Primary School","80109110507","9"
"Hughes Primary School","80109110506","13"
"Hughes Primary School","80109110302","18"
"Hughes Primary School","80109110305","18"
"Hughes Primary School","80109110301","19"
"Hughes Primary School","80109110304","21"
"Hughes Primary School","80109110303","22"
"Hughes Primary School","80109110307","26"
"Hughes Primary School","80109110306","37"
"Kaleen Primary School","80101101609","5"
"Kaleen Primary School","80104104807","5"
"Kaleen Primary School","80101101603","6"
"Kaleen Primary School","80101102101","6"
"Kaleen Primary School","80104103711","7"
"Kaleen Primary School","80101101101","8"
"Kaleen Primary School","80101101619","11"
"Kaleen Primary School","80101101604","13"
"Kaleen Primary School","80101101607","13"
"Kaleen Primary School","80101101605","14"
"Kaleen Primary School","80101101611","21"
"Kaleen Primary School","80101101617","21"
"Kaleen Primary School","80101101612","24"
"Kaleen Primary School","80101101615","30"
"Kaleen Primary School","80101101616","31"
"Kaleen Primary School","80101101601","32"
"Kaleen Primary School","80101101606","33"
"Kaleen Primary School","80101101614","33"
"Kaleen Primary School","80101101613","34"
"Kaleen Primary School","80101101618","35"
"Kingsford Smith School","80101100602","5"
"Kingsford Smith School","80101100614","5"
"Kingsford Smith School","80101100617","5"
"Kingsford Smith School","80101101401","5"
"Kingsford Smith School","80101101905","5"
"Kingsford Smith School","80101101912","5"
"Kingsford Smith School","80101101916","5"
"Kingsford Smith School","80101100403","6"
"Kingsford Smith School","80101100604","6"
"Kingsford Smith School","80101100606","6"
"Kingsford Smith School","80101101302","6"
"Kingsford Smith School","80101101702","6"
"Kingsford Smith School","80101101904","6"
"Kingsford Smith School","80101101907","6"
"Kingsford Smith School","80101100612","7"
"Kingsford Smith School","80101100901","7"
"Kingsford Smith School","80101101915","7"
"Kingsford Smith School","80101101918","7"
"Kingsford Smith School","80101100406","8"
"Kingsford Smith School","80101100608","8"
"Kingsford Smith School","80101101506","8"
"Kingsford Smith School","80101101513","8"
"Kingsford Smith School","80101101902","8"
"Kingsford Smith School","80101101405","9"
"Kingsford Smith School","80101101707","9"
"Kingsford Smith School","80101100903","10"
"Kingsford Smith School","80101101910","10"
"Kingsford Smith School","80101101913","10"
"Kingsford Smith School","80101100605","11"
"Kingsford Smith School","80101101512","11"
"Kingsford Smith School","80101100622","12"
"Kingsford Smith School","80101101703","12"
"Kingsford Smith School","80101101911","14"
"Kingsford Smith School","80101100616","16"
"Kingsford Smith School","80101100623","17"
"Kingsford Smith School","80101101406","17"
"Kingsford Smith School","80101101508","18"
"Kingsford Smith School","80101101501","19"
"Kingsford Smith School","80101101503","19"
"Kingsford Smith School","80101101511","19"
"Kingsford Smith School","80101101502","21"
"Kingsford Smith School","80101101510","22"
"Kingsford Smith School","80101101515","25"
"Kingsford Smith School","80101101402","29"
"Kingsford Smith School","80101101509","29"
"Kingsford Smith School","80101101407","31"
"Kingsford Smith School","80101101404","32"
"Kingsford Smith School","80101101505","37"
"Kingsford Smith School","80101101504","38"
"Kingsford Smith School","80101101403","43"
"Lake Tuggeranong College","80107107104","5"
"Lake Tuggeranong College","80107107203","5"
"Lake Tuggeranong College","80107107205","5"
"Lake Tuggeranong College","80107107410","5"
"Lake Tuggeranong College","80107107413","5"
"Lake Tuggeranong College","80107107506","5"
"Lake Tuggeranong College","80107107510","5"
"Lake Tuggeranong College","80107107512","5"
"Lake Tuggeranong College","80107107702","5"
"Lake Tuggeranong College","80107107703","5"
"Lake Tuggeranong College","80107107705","5"
"Lake Tuggeranong College","80107107801","5"
"Lake Tuggeranong College","80107107813","5"
"Lake Tuggeranong College","80107107814","5"
"Lake Tuggeranong College","80107107816","5"
"Lake Tuggeranong College","80107107903","5"
"Lake Tuggeranong College","80107108109","5"
"Lake Tuggeranong College","80107108111","5"
"Lake Tuggeranong College","80107108206","5"
"Lake Tuggeranong College","80107108213","5"
"Lake Tuggeranong College","80107108236","5"
"Lake Tuggeranong College","80107108239","5"
"Lake Tuggeranong College","80107108417","5"
"Lake Tuggeranong College","80107108605","5"
"Lake Tuggeranong College","80107108701","5"
"Lake Tuggeranong College","80107108803","5"
"Lake Tuggeranong College","80107109009","5"
"Lake Tuggeranong College","80107107110","6"
"Lake Tuggeranong College","80107107206","6"
"Lake Tuggeranong College","80107107507","6"
"Lake Tuggeranong College","80107107803","6"
"Lake Tuggeranong College","80107107806","6"
"Lake Tuggeranong College","80107108203","6"
"Lake Tuggeranong College","80107108207","6"
"Lake Tuggeranong College","80107108706","6"
"Lake Tuggeranong College","80107108807","6"
"Lake Tuggeranong College","80107109015","6"
"Lake Tuggeranong College","80107107302","7"
"Lake Tuggeranong College","80107107516","7"
"Lake Tuggeranong College","80107108102","7"
"Lake Tuggeranong College","80107108108","7"
"Lake Tuggeranong College","80107107108","8"
"Lake Tuggeranong College","80107107208","8"
"Lake Tuggeranong College","80107107405","8"
"Lake Tuggeranong College","80107107407","8"
"Lake Tuggeranong College","80107107818","8"
"Lake Tuggeranong College","80107108601","8"
"Lake Tuggeranong College","80107108603","8"
"Lake Tuggeranong College","80107108705","8"
"Lake Tuggeranong College","80107109016","9"
"Lake Tuggeranong College","80107108809","10"
"Lake Tuggeranong College","80107107112","11"
"Lanyon High School","80107107102","5"
"Lanyon High School","80107107113","5"
"Lanyon High School","80107107803","5"
"Lanyon High School","80107107810","5"
"Lanyon High School","80107107814","5"
"Lanyon High School","80107107821","5"
"Lanyon High School","80107107108","6"
"Lanyon High School","80107107503","6"
"Lanyon High School","80107107504","6"
"Lanyon High School","80107107507","6"
"Lanyon High School","80107107801","6"
"Lanyon High School","80107107816","6"
"Lanyon High School","80107107820","6"
"Lanyon High School","80107107107","7"
"Lanyon High School","80107107505","7"
"Lanyon High School","80107107506","7"
"Lanyon High School","80107107114","8"
"Lanyon High School","80107107805","8"
"Lanyon High School","80107107806","8"
"Lanyon High School","80107107106","9"
"Lanyon High School","80107107109","9"
"Lanyon High School","80107107509","9"
"Lanyon High School","80107107811","9"
"Lanyon High School","80107107208","10"
"Lanyon High School","80107107516","11"
"Lanyon High School","80107107818","11"
"Lanyon High School","80107107510","13"
"Lanyon High School","80107107110","14"
"Latham Primary School","80101100616","5"
"Latham Primary School","80101101404","5"
"Latham Primary School","80101101406","5"
"Latham Primary School","80101101501","5"
"Latham Primary School","80101101708","8"
"Latham Primary School","80101101709","14"
"Latham Primary School","80101101705","15"
"Latham Primary School","80101101704","18"
"Latham Primary School","80101101706","20"
"Latham Primary School","80101101701","23"
"Latham Primary School","80101101703","28"
"Latham Primary School","80101101707","29"
"Latham Primary School","80101101702","34"
"Lyneham High School","80101100304","5"
"Lyneham High School","80101101001","5"
"Lyneham High School","80101101604","5"
"Lyneham High School","80101101615","5"
"Lyneham High School","80104103704","5"
"Lyneham High School","80105105602","5"
"Lyneham High School","80105105703","5"
"Lyneham High School","80105105803","5"
"Lyneham High School","80105106107","5"
"Lyneham High School","80101100709","6"
"Lyneham High School","80101101103","6"
"Lyneham High School","80101101601","6"
"Lyneham High School","80101101616","6"
"Lyneham High School","80104104416","6"
"Lyneham High School","80104104802","6"
"Lyneham High School","80105105601","6"
"Lyneham High School","80105105704","6"
"Lyneham High School","80105105705","6"
"Lyneham High School","80105105715","6"
"Lyneham High School","80105105805","6"
"Lyneham High School","80105106106","6"
"Lyneham High School","80105106111","6"
"Lyneham High School","80105106113","6"
"Lyneham High School","80101101611","7"
"Lyneham High School","80101102101","7"
"Lyneham High School","80104104811","7"
"Lyneham High School","80105105501","7"
"Lyneham High School","80105105504","7"
"Lyneham High School","80105105709","7"
"Lyneham High School","80105105812","7"
"Lyneham High School","80101101606","8"
"Lyneham High School","80105105401","8"
"Lyneham High School","80105105605","8"
"Lyneham High School","80105105701","8"
"Lyneham High School","80105105702","8"
"Lyneham High School","80105105806","8"
"Lyneham High School","80105105810","8"
"Lyneham High School","80105106109","8"
"Lyneham High School","80105106119","8"
"Lyneham High School","80105105404","9"
"Lyneham High School","80105105503","9"
"Lyneham High School","80105105811","9"
"Lyneham High School","80105106006","9"
"Lyneham High School","80105106101","9"
"Lyneham High School","80105106115","9"
"Lyneham High School","80105105406","10"
"Lyneham High School","80105105502","10"
"Lyneham High School","80105105507","11"
"Lyneham High School","80105105809","11"
"Lyneham High School","80105106110","11"
"Lyneham High School","80105106112","11"
"Lyneham High School","80105105506","12"
"Lyneham High School","80105105804","12"
"Lyneham High School","80105105713","13"
"Lyneham High School","80105105802","13"
"Lyneham High School","80105106108","13"
"Lyneham High School","80105105711","14"
"Lyneham High School","80105105714","14"
"Lyneham High School","80105105808","14"
"Lyneham High School","80105105508","16"
"Lyneham High School","80105105807","16"
"Lyneham High School","80105105509","18"
"Lyneham High School","80105105708","20"
"Lyneham High School","80105105801","26"
"Lyneham Primary School","80105105508","5"
"Lyneham Primary School","80105105503","6"
"Lyneham Primary School","80105105704","7"
"Lyneham Primary School","80105105804","7"
"Lyneham Primary School","80105105812","7"
"Lyneham Primary School","80105105501","8"
"Lyneham Primary School","80105105709","8"
"Lyneham Primary School","80105105801","8"
"Lyneham Primary School","80105105712","9"
"Lyneham Primary School","80105105715","9"
"Lyneham Primary School","80105105504","10"
"Lyneham Primary School","80105105802","10"
"Lyneham Primary School","80105105803","11"
"Lyneham Primary School","80105105809","11"
"Lyneham Primary School","80105105705","13"
"Lyneham Primary School","80105105806","15"
"Lyneham Primary School","80105105701","17"
"Lyneham Primary School","80105105703","18"
"Lyneham Primary School","80105105805","18"
"Lyneham Primary School","80105105702","19"
"Lyneham Primary School","80105105711","19"
"Lyneham Primary School","80105105714","19"
"Lyneham Primary School","80105105807","20"
"Lyneham Primary School","80105105708","21"
"Lyneham Primary School","80105105808","24"
"Lyneham Primary School","80105105713","43"
"Lyons Early Childhood School","80109110506","5"
"Lyons Early Childhood School","80109110901","5"
"Lyons Early Childhood School","80109110507","8"
"Lyons Early Childhood School","80109110502","9"
"Lyons Early Childhood School","80109110505","11"
"Macgregor Primary School","80101100615","5"
"Macgregor Primary School","80101102303","5"
"Macgregor Primary School","80101100604","6"
"Macgregor Primary School","80101100610","6"
"Macgregor Primary School","80101100611","6"
"Macgregor Primary School","80101100616","7"
"Macgregor Primary School","80101101502","7"
"Macgregor Primary School","80101100614","8"
"Macgregor Primary School","80101101906","12"
"Macgregor Primary School","80101101914","16"
"Macgregor Primary School","80101101915","18"
"Macgregor Primary School","80101101916","18"
"Macgregor Primary School","80101101919","18"
"Macgregor Primary School","80101101917","20"
"Macgregor Primary School","80101101918","20"
"Macgregor Primary School","80101101908","21"
"Macgregor Primary School","80101101910","21"
"Macgregor Primary School","80101101911","21"
"Macgregor Primary School","80101101909","25"
"Macgregor Primary School","80101101907","32"
"Macgregor Primary School","80101101902","33"
"Macgregor Primary School","80101101913","33"
"Macgregor Primary School","80101101905","34"
"Macgregor Primary School","80101101912","35"
"Macgregor Primary School","80101101904","39"
"Macquarie Primary School","80101100211","5"
"Macquarie Primary School","80101100208","6"
"Macquarie Primary School","80101101616","6"
"Macquarie Primary School","80101100206","7"
"Macquarie Primary School","80101102004","13"
"Macquarie Primary School","80101100202","14"
"Macquarie Primary School","80101100501","14"
"Macquarie Primary School","80101100201","16"
"Macquarie Primary School","80101102008","18"
"Macquarie Primary School","80101102002","19"
"Macquarie Primary School","80101102007","19"
"Macquarie Primary School","80101102005","20"
"Macquarie Primary School","80101102006","20"
"Macquarie Primary School","80101102003","23"
"Macquarie Primary School","80101100209","24"
"Macquarie Primary School","80101100509","27"
"Macquarie Primary School","80101102001","27"
"Majura Primary School","80105105504","6"
"Majura Primary School","80105105602","6"
"Majura Primary School","80105105604","6"
"Majura Primary School","80105105503","7"
"Majura Primary School","80105105601","7"
"Majura Primary School","80105105607","7"
"Majura Primary School","80105105509","11"
"Majura Primary School","80105105605","11"
"Majura Primary School","80105105506","12"
"Majura Primary School","80105106116","12"
"Majura Primary School","80105105501","14"
"Majura Primary School","80105105505","16"
"Majura Primary School","80105106114","16"
"Majura Primary School","80105106107","17"
"Majura Primary School","80105106113","18"
"Majura Primary School","80105105507","21"
"Majura Primary School","80105105508","21"
"Majura Primary School","80105106102","22"
"Majura Primary School","80105106103","22"
"Majura Primary School","80105106119","22"
"Majura Primary School","80105105502","24"
"Majura Primary School","80105106101","24"
"Majura Primary School","80105106106","24"
"Majura Primary School","80105106115","24"
"Majura Primary School","80105106111","28"
"Majura Primary School","80105106108","29"
"Majura Primary School","80105106112","33"
"Majura Primary School","80105106110","39"
"Majura Primary School","80105106109","43"
"Maribyrnong Primary School","80101101606","5"
"Maribyrnong Primary School","80104103914","5"
"Maribyrnong Primary School","80101100312","6"
"Maribyrnong Primary School","80101102506","6"
"Maribyrnong Primary School","80101100309","7"
"Maribyrnong Primary School","80101101602","7"
"Maribyrnong Primary School","80101101607","9"
"Maribyrnong Primary School","80101101804","10"
"Maribyrnong Primary School","80101100320","11"
"Maribyrnong Primary School","80101101605","14"
"Maribyrnong Primary School","80101101610","14"
"Maribyrnong Primary School","80101101803","14"
"Maribyrnong Primary School","80101100304","18"
"Maribyrnong Primary School","80101101609","18"
"Maribyrnong Primary School","80101101619","19"
"Maribyrnong Primary School","80101101603","20"
"Maribyrnong Primary School","80101101604","25"
"Maribyrnong Primary School","80101101611","26"
"Mawson Primary School","80109110401","5"
"Mawson Primary School","80109110913","5"
"Mawson Primary School","80109110807","6"
"Mawson Primary School","80109110912","6"
"Mawson Primary School","80109110905","7"
"Mawson Primary School","80109110402","10"
"Mawson Primary School","80109110606","10"
"Mawson Primary School","80109110701","12"
"Mawson Primary School","80109110702","12"
"Mawson Primary School","80109110907","12"
"Mawson Primary School","80109110604","13"
"Mawson Primary School","80109110607","13"
"Mawson Primary School","80109110906","16"
"Mawson Primary School","80109110910","16"
"Mawson Primary School","80109110605","18"
"Mawson Primary School","80109110908","18"
"Mawson Primary School","80109110602","22"
"Mawson Primary School","80109110603","24"
"Mawson Primary School","80109110601","38"
"Melba Copland Secondary School","80101100708","5"
"Melba Copland Secondary School","80101100709","5"
"Melba Copland Secondary School","80101100802","5"
"Melba Copland Secondary School","80101100905","5"
"Melba Copland Secondary School","80101101706","5"
"Melba Copland Secondary School","80101102104","5"
"Melba Copland Secondary School","80101100401","6"
"Melba Copland Secondary School","80101100605","6"
"Melba Copland Secondary School","80101100606","6"
"Melba Copland Secondary School","80101100612","6"
"Melba Copland Secondary School","80101100620","6"
"Melba Copland Secondary School","80101100706","6"
"Melba Copland Secondary School","80101100904","6"
"Melba Copland Secondary School","80101100907","6"
"Melba Copland Secondary School","80101101909","6"
"Melba Copland Secondary School","80101102102","6"
"Melba Copland Secondary School","80101102203","6"
"Melba Copland Secondary School","80101102206","6"
"Melba Copland Secondary School","80101100604","7"
"Melba Copland Secondary School","80101100616","7"
"Melba Copland Secondary School","80101100623","7"
"Melba Copland Secondary School","80101100701","7"
"Melba Copland Secondary School","80101101002","7"
"Melba Copland Secondary School","80101101908","7"
"Melba Copland Secondary School","80101102202","7"
"Melba Copland Secondary School","80101102204","7"
"Melba Copland Secondary School","80101102505","7"
"Melba Copland Secondary School","80101100403","8"
"Melba Copland Secondary School","80101100618","8"
"Melba Copland Secondary School","80101100910","8"
"Melba Copland Secondary School","80101100409","9"
"Melba Copland Secondary School","80101100712","9"
"Melba Copland Secondary School","80101101001","9"
"Melba Copland Secondary School","80101102207","9"
"Melba Copland Secondary School","80101102503","9"
"Melba Copland Secondary School","80101100609","10"
"Melba Copland Secondary School","80101100703","10"
"Melba Copland Secondary School","80101102504","10"
"Melba Copland Secondary School","80101100711","11"
"Melba Copland Secondary School","80101100713","11"
"Melba Copland Secondary School","80101100404","12"
"Melba Copland Secondary School","80101101005","14"
"Melba Copland Secondary School","80101102205","14"
"Melba Copland Secondary School","80101100406","16"
"Melba Copland Secondary School","80101100405","20"
"Melrose High School","80107107208","5"
"Melrose High School","80107107303","5"
"Melrose High School","80107108223","5"
"Melrose High School","80107108235","5"
"Melrose High School","80107108402","5"
"Melrose High School","80107109011","5"
"Melrose High School","80108109201","5"
"Melrose High School","80109109904","5"
"Melrose High School","80109110101","5"
"Melrose High School","80109110401","5"
"Melrose High School","80109110601","5"
"Melrose High School","80109110606","5"
"Melrose High School","80109111001","5"
"Melrose High School","80107107409","6"
"Melrose High School","80107107701","6"
"Melrose High School","80107108417","6"
"Melrose High School","80107109002","6"
"Melrose High School","80109109901","6"
"Melrose High School","80109110102","6"
"Melrose High School","80109110104","6"
"Melrose High School","80109110109","6"
"Melrose High School","80109111002","6"
"Melrose High School","80109110403","7"
"Melrose High School","80109110603","7"
"Melrose High School","80109110702","7"
"Melrose High School","80109111006","7"
"Melrose High School","80107108213","8"
"Melrose High School","80109110105","8"
"Melrose High School","80109110107","8"
"Melrose High School","80109110602","8"
"Melrose High School","80109110604","8"
"Melrose High School","80109111005","8"
"Melrose High School","80107109003","9"
"Melrose High School","80107109010","9"
"Melrose High School","80109110110","9"
"Melrose High School","80109110805","10"
"Melrose High School","80107109014","12"
"Melrose High School","80109111004","13"
"Miles Franklin Primary School","10106154223","5"
"Miles Franklin Primary School","10106154235","5"
"Miles Franklin Primary School","80101100907","5"
"Miles Franklin Primary School","80101102201","5"
"Miles Franklin Primary School","80101102202","5"
"Miles Franklin Primary School","80101102204","5"
"Miles Franklin Primary School","80101102504","5"
"Miles Franklin Primary School","10106154224","6"
"Miles Franklin Primary School","80101100905","6"
"Miles Franklin Primary School","80101100906","6"
"Miles Franklin Primary School","80101102102","6"
"Miles Franklin Primary School","80101102103","6"
"Miles Franklin Primary School","80101102506","6"
"Miles Franklin Primary School","10106154216","7"
"Miles Franklin Primary School","80101100713","7"
"Miles Franklin Primary School","80101102502","7"
"Miles Franklin Primary School","80101100406","8"
"Miles Franklin Primary School","80101100709","9"
"Miles Franklin Primary School","80101102207","9"
"Miles Franklin Primary School","80101102503","9"
"Miles Franklin Primary School","80101100710","10"
"Miles Franklin Primary School","80101100711","10"
"Miles Franklin Primary School","80101100708","11"
"Miles Franklin Primary School","80101102104","11"
"Miles Franklin Primary School","80101100712","12"
"Miles Franklin Primary School","80101100714","13"
"Miles Franklin Primary School","80101100702","14"
"Miles Franklin Primary School","80101100704","14"
"Miles Franklin Primary School","80101102101","14"
"Miles Franklin Primary School","80101100706","19"
"Miles Franklin Primary School","80101100705","20"
"Miles Franklin Primary School","80101100703","21"
"Miles Franklin Primary School","80101102105","21"
"Miles Franklin Primary School","80101100701","25"
"Miles Franklin Primary School","80101100707","41"
"Monash Primary School","80107108410","5"
"Monash Primary School","80107107108","7"
"Monash Primary School","80107108103","7"
"Monash Primary School","80107108602","7"
"Monash Primary School","80107108706","7"
"Monash Primary School","80107108104","8"
"Monash Primary School","80107108111","8"
"Monash Primary School","80107108413","8"
"Monash Primary School","80107108604","8"
"Monash Primary School","80107108407","9"
"Monash Primary School","80107108401","10"
"Monash Primary School","80107108109","12"
"Monash Primary School","80107108402","12"
"Monash Primary School","80107108405","12"
"Monash Primary School","80107108414","12"
"Monash Primary School","80107108418","12"
"Monash Primary School","80107108603","12"
"Monash Primary School","80107108408","13"
"Monash Primary School","80107108411","13"
"Monash Primary School","80107108404","15"
"Monash Primary School","80107108406","16"
"Monash Primary School","80107108412","17"
"Monash Primary School","80107108417","19"
"Monash Primary School","80107108403","21"
"Monash Primary School","80107108415","23"
"Mount Rogers Primary School","80101100606","5"
"Mount Rogers Primary School","80101100905","6"
"Mount Rogers Primary School","80101102208","7"
"Mount Rogers Primary School","80101100902","8"
"Mount Rogers Primary School","80101100404","9"
"Mount Rogers Primary School","80101102502","9"
"Mount Rogers Primary School","80101102505","13"
"Mount Rogers Primary School","80101100909","14"
"Mount Rogers Primary School","80101102202","14"
"Mount Rogers Primary School","80101100910","15"
"Mount Rogers Primary School","80101100903","16"
"Mount Rogers Primary School","80101102201","16"
"Mount Rogers Primary School","80101102503","16"
"Mount Rogers Primary School","80101102506","17"
"Mount Rogers Primary School","80101100901","18"
"Mount Rogers Primary School","80101100906","18"
"Mount Rogers Primary School","80101102504","18"
"Mount Rogers Primary School","80101102203","20"
"Mount Rogers Primary School","80101100907","22"
"Mount Rogers Primary School","80101102204","26"
"Mount Rogers Primary School","80101102206","30"
"Mount Rogers Primary School","80101102501","30"
"Mount Rogers Primary School","80101102205","33"
"Mount Rogers Primary School","80101102207","33"
"Namadgi School","10102101120","5"
"Namadgi School","80107108229","5"
"Namadgi School","80107108240","5"
"Namadgi School","80107109015","5"
"Namadgi School","80107107303","6"
"Namadgi School","80107108208","6"
"Namadgi School","80107108230","6"
"Namadgi School","80107108233","6"
"Namadgi School","80107108002","7"
"Namadgi School","80107108204","7"
"Namadgi School","80107108214","7"
"Namadgi School","80107108227","7"
"Namadgi School","80107108241","7"
"Namadgi School","80107108212","8"
"Namadgi School","80107108225","8"
"Namadgi School","80107108231","9"
"Namadgi School","80107108234","9"
"Namadgi School","80107108221","10"
"Namadgi School","80107107510","11"
"Namadgi School","80107108206","11"
"Namadgi School","80107108211","11"
"Namadgi School","80107108216","12"
"Namadgi School","80107108210","13"
"Namadgi School","80107108235","13"
"Namadgi School","80107108201","15"
"Namadgi School","80107108205","15"
"Namadgi School","80107108220","15"
"Namadgi School","80107108213","18"
"Namadgi School","80107108239","18"
"Namadgi School","80107108203","20"
"Namadgi School","80107108219","24"
"Namadgi School","80107108223","25"
"Namadgi School","80107108215","29"
"Namadgi School","80107108224","31"
"Namadgi School","80107108236","31"
"Namadgi School","80107108207","39"
"Narrabundah College","80106106403","5"
"Narrabundah College","80103111301","6"
"Narrabundah College","80106106208","6"
"Narrabundah College","80106106705","6"
"Narrabundah College","80106106909","6"
"Narrabundah College","80106106405","7"
"Narrabundah College","80106106701","7"
"Narrabundah College","80106106703","7"
"Narrabundah College","80106106717","7"
"Narrabundah College","80106106904","7"
"Narrabundah College","80106113103","7"
"Narrabundah College","80109110702","7"
"Narrabundah College","80106106301","8"
"Narrabundah College","80106106714","9"
"Narrabundah College","80106106707","10"
"Narrabundah College","80106106708","10"
"Narrabundah College","80106106709","10"
"Narrabundah College","80106106719","10"
"Narrabundah College","80106107008","10"
"Narrabundah College","80106106713","11"
"Narrabundah College","80106106903","11"
"Narrabundah College","80106106715","12"
"Narrabundah College","80106106706","13"
"Narrabundah College","80106106710","13"
"Narrabundah College","80106106905","13"
"Narrabundah College","80106106906","13"
"Narrabundah College","80106106712","16"
"Narrabundah College","80108109604","55"
"Narrabundah Early Childhood School","80106106714","5"
"Narrabundah Early Childhood School","80106106701","7"
"Narrabundah Early Childhood School","80106106705","7"
"Narrabundah Early Childhood School","80106106706","10"
"Narrabundah Early Childhood School","80106106704","13"
"Neville Bonner Primary School","80104103804","5"
"Neville Bonner Primary School","80104112004","5"
"Neville Bonner Primary School","80104103805","6"
"Neville Bonner Primary School","80104103807","7"
"Neville Bonner Primary School","80104103815","10"
"Neville Bonner Primary School","80104103809","12"
"Neville Bonner Primary School","80104103511","14"
"Neville Bonner Primary School","80104103812","20"
"Neville Bonner Primary School","80104103506","21"
"Neville Bonner Primary School","80104103508","23"
"Neville Bonner Primary School","80104103501","24"
"Neville Bonner Primary School","80104103514","27"
"Neville Bonner Primary School","80104103518","28"
"Neville Bonner Primary School","80104103519","28"
"Neville Bonner Primary School","80104103522","28"
"Neville Bonner Primary School","80104103513","29"
"Neville Bonner Primary School","80104103517","29"
"Neville Bonner Primary School","80104103520","30"
"Neville Bonner Primary School","80104103515","31"
"Neville Bonner Primary School","80104103505","34"
"Neville Bonner Primary School","80104103509","40"
"Neville Bonner Primary School","80104103510","42"
"Neville Bonner Primary School","80104103512","50"
"Neville Bonner Primary School","80104103516","56"
"Neville Bonner Primary School","80104103507","60"
"Ngunnawal Primary  School","80104103607","5"
"Ngunnawal Primary  School","80104103616","5"
"Ngunnawal Primary  School","80104104612","8"
"Ngunnawal Primary  School","80104103608","9"
"Ngunnawal Primary  School","80104104616","9"
"Ngunnawal Primary  School","80104104637","10"
"Ngunnawal Primary  School","80104104635","11"
"Ngunnawal Primary  School","80104104630","13"
"Ngunnawal Primary  School","80104104636","15"
"Ngunnawal Primary  School","80104104605","16"
"Ngunnawal Primary  School","80104104619","17"
"Ngunnawal Primary  School","80104104625","17"
"Ngunnawal Primary  School","80104104609","18"
"Ngunnawal Primary  School","80104104633","18"
"Ngunnawal Primary  School","80104104634","18"
"Ngunnawal Primary  School","80104104626","19"
"Ngunnawal Primary  School","80104104606","20"
"Ngunnawal Primary  School","80104104627","21"
"Ngunnawal Primary  School","80104104602","22"
"Ngunnawal Primary  School","80104104613","22"
"Ngunnawal Primary  School","80104104632","22"
"Ngunnawal Primary  School","80104104623","23"
"Ngunnawal Primary  School","80104104621","24"
"Ngunnawal Primary  School","80104104604","26"
"Ngunnawal Primary  School","80104104628","26"
"Ngunnawal Primary  School","80104104631","26"
"Ngunnawal Primary  School","80104104618","28"
"Ngunnawal Primary  School","80104104620","30"
"Ngunnawal Primary  School","80104104622","30"
"Ngunnawal Primary  School","80104104617","35"
"North Ainslie Primary School","80105105509","5"
"North Ainslie Primary School","80105105506","6"
"North Ainslie Primary School","80105105508","6"
"North Ainslie Primary School","80105105403","7"
"North Ainslie Primary School","80105105606","7"
"North Ainslie Primary School","80105105501","8"
"North Ainslie Primary School","80105105503","8"
"North Ainslie Primary School","80105105401","9"
"North Ainslie Primary School","80105105504","9"
"North Ainslie Primary School","80105105008","14"
"North Ainslie Primary School","80105105405","16"
"North Ainslie Primary School","80105105011","18"
"North Ainslie Primary School","80105105603","18"
"North Ainslie Primary School","80105105004","21"
"North Ainslie Primary School","80105105014","21"
"North Ainslie Primary School","80105105601","23"
"North Ainslie Primary School","80105105604","23"
"North Ainslie Primary School","80105105607","25"
"North Ainslie Primary School","80105105012","27"
"North Ainslie Primary School","80105105001","31"
"North Ainslie Primary School","80105105005","34"
"North Ainslie Primary School","80105105605","34"
"North Ainslie Primary School","80105105404","36"
"North Ainslie Primary School","80105105602","38"
"North Ainslie Primary School","80105105406","43"
"Red Hill Primary School","80103111302","5"
"Red Hill Primary School","80106106411","5"
"Red Hill Primary School","80106113107","5"
"Red Hill Primary School","80106106705","6"
"Red Hill Primary School","80106106706","6"
"Red Hill Primary School","80106113105","6"
"Red Hill Primary School","80106106407","7"
"Red Hill Primary School","80106106713","8"
"Red Hill Primary School","80106106715","8"
"Red Hill Primary School","80106113103","8"
"Red Hill Primary School","80106106717","9"
"Red Hill Primary School","80106106909","9"
"Red Hill Primary School","80106106402","10"
"Red Hill Primary School","80106106413","10"
"Red Hill Primary School","80106106415","10"
"Red Hill Primary School","80106106702","10"
"Red Hill Primary School","80106106703","10"
"Red Hill Primary School","80106106704","10"
"Red Hill Primary School","80106106416","12"
"Red Hill Primary School","80106106907","14"
"Red Hill Primary School","80106106707","15"
"Red Hill Primary School","80106106709","16"
"Red Hill Primary School","80106106701","17"
"Red Hill Primary School","80106106719","18"
"Red Hill Primary School","80106106901","19"
"Red Hill Primary School","80106106710","20"
"Red Hill Primary School","80106106903","20"
"Red Hill Primary School","80106106405","23"
"Red Hill Primary School","80106106708","26"
"Red Hill Primary School","80106106712","37"
"Red Hill Primary School","80106106905","38"
"Red Hill Primary School","80106106906","41"
"Southern Cross Early Childhood School","80101100612","5"
"Southern Cross Early Childhood School","80101101403","5"
"Southern Cross Early Childhood School","80101102406","6"
"Southern Cross Early Childhood School","80101102303","7"
"Southern Cross Early Childhood School","80101102403","8"
"Southern Cross Early Childhood School","80101102408","11"
"Southern Cross Early Childhood School","80101102402","17"
"Stromlo High School","80107108212","5"
"Stromlo High School","80107108213","5"
"Stromlo High School","80107108239","5"
"Stromlo High School","80108109405","5"
"Stromlo High School","80108109601","5"
"Stromlo High School","80108109703","5"
"Stromlo High School","80108109706","5"
"Stromlo High School","80108109802","5"
"Stromlo High School","80107108236","6"
"Stromlo High School","80108109202","6"
"Stromlo High School","80108109403","6"
"Stromlo High School","80108109406","6"
"Stromlo High School","80108109604","6"
"Stromlo High School","80108109701","6"
"Stromlo High School","80108109708","6"
"Stromlo High School","80108109807","6"
"Stromlo High School","80110113906","6"
"Stromlo High School","80107108220","7"
"Stromlo High School","80107108228","7"
"Stromlo High School","80108109105","7"
"Stromlo High School","80108109303","7"
"Stromlo High School","80108109506","7"
"Stromlo High School","80108109507","7"
"Stromlo High School","80108109814","7"
"Stromlo High School","80108109102","8"
"Stromlo High School","80108109108","8"
"Stromlo High School","80108109305","8"
"Stromlo High School","80108109508","8"
"Stromlo High School","80108109509","8"
"Stromlo High School","80108109602","8"
"Stromlo High School","80108109203","9"
"Stromlo High School","80108109208","9"
"Stromlo High School","80108109504","9"
"Stromlo High School","80108109812","9"
"Stromlo High School","80107108231","10"
"Stromlo High School","80107108235","10"
"Stromlo High School","80108109107","10"
"Stromlo High School","80108109201","10"
"Stromlo High School","80108109205","10"
"Stromlo High School","80108109206","10"
"Stromlo High School","80108109505","10"
"Stromlo High School","80108109702","10"
"Stromlo High School","80107108222","11"
"Stromlo High School","80108109707","11"
"Stromlo High School","80111114003","11"
"Stromlo High School","80108109304","12"
"Stromlo High School","80108109809","12"
"Stromlo High School","80108109306","14"
"Stromlo High School","80108109603","14"
"Stromlo High School","80108109605","14"
"Taylor Primary School","80107108216","5"
"Taylor Primary School","80107108203","6"
"Taylor Primary School","80107108210","6"
"Taylor Primary School","80107108220","7"
"Taylor Primary School","80107108201","8"
"Taylor Primary School","80107108213","8"
"Taylor Primary School","80107108228","8"
"Taylor Primary School","80107108207","9"
"Taylor Primary School","80107108217","9"
"Taylor Primary School","80107108224","9"
"Taylor Primary School","80107108211","10"
"Taylor Primary School","80107108212","10"
"Taylor Primary School","80107108219","10"
"Taylor Primary School","80107108234","10"
"Taylor Primary School","80107108225","11"
"Taylor Primary School","80107108229","11"
"Taylor Primary School","80107108227","12"
"Taylor Primary School","80107108226","14"
"Taylor Primary School","80107108236","15"
"Taylor Primary School","80107108235","16"
"Taylor Primary School","80107108231","17"
"Taylor Primary School","80107108222","20"
"Telopea Park School","10102101144","5"
"Telopea Park School","80103111301","5"
"Telopea Park School","80104104404","5"
"Telopea Park School","80106106202","5"
"Telopea Park School","80106106204","5"
"Telopea Park School","80106106206","5"
"Telopea Park School","80106106207","5"
"Telopea Park School","80106106304","5"
"Telopea Park School","80106106707","5"
"Telopea Park School","80108109604","5"
"Telopea Park School","80108109706","5"
"Telopea Park School","80109110007","5"
"Telopea Park School","80109110008","5"
"Telopea Park School","80109110502","5"
"Telopea Park School","80109110805","5"
"Telopea Park School","80110113902","5"
"Telopea Park School","80106106702","6"
"Telopea Park School","80106107005","6"
"Telopea Park School","80109110004","6"
"Telopea Park School","80109110506","6"
"Telopea Park School","80109110804","6"
"Telopea Park School","80106106303","7"
"Telopea Park School","80106106411","7"
"Telopea Park School","80107109016","7"
"Telopea Park School","80109110105","7"
"Telopea Park School","80109110204","7"
"Telopea Park School","80109110304","7"
"Telopea Park School","80110113504","7"
"Telopea Park School","80106106209","8"
"Telopea Park School","80106106410","8"
"Telopea Park School","80106106716","8"
"Telopea Park School","80106106907","8"
"Telopea Park School","80106113108","8"
"Telopea Park School","80108109405","8"
"Telopea Park School","80106106401","9"
"Telopea Park School","80106106403","9"
"Telopea Park School","80106106404","9"
"Telopea Park School","80106106415","9"
"Telopea Park School","80106106904","9"
"Telopea Park School","80106106909","9"
"Telopea Park School","80106112903","9"
"Telopea Park School","80106113102","9"
"Telopea Park School","80106106413","10"
"Telopea Park School","80106107008","10"
"Telopea Park School","80106113110","10"
"Telopea Park School","80109110012","10"
"Telopea Park School","80106106701","11"
"Telopea Park School","80106112901","11"
"Telopea Park School","80109110702","11"
"Telopea Park School","80106106709","12"
"Telopea Park School","80106106714","12"
"Telopea Park School","80106112902","12"
"Telopea Park School","80106113103","12"
"Telopea Park School","80106113105","12"
"Telopea Park School","80108109304","12"
"Telopea Park School","80106106713","13"
"Telopea Park School","80106106901","13"
"Telopea Park School","80106106416","14"
"Telopea Park School","80106106710","14"
"Telopea Park School","80106106704","15"
"Telopea Park School","80106106715","15"
"Telopea Park School","80106106703","17"
"Telopea Park School","80106106705","17"
"Telopea Park School","80106106717","17"
"Telopea Park School","80106106903","17"
"Telopea Park School","80106106706","18"
"Telopea Park School","80106106301","19"
"Telopea Park School","80106106402","19"
"Telopea Park School","80106106405","19"
"Telopea Park School","80106106719","19"
"Telopea Park School","80106106205","22"
"Telopea Park School","80106106708","23"
"Telopea Park School","80106106905","26"
"Telopea Park School","80106106712","28"
"Telopea Park School","80106106906","28"
"The Canberra College","10102101150","5"
"The Canberra College","80107107606","5"
"The Canberra College","80107108204","5"
"The Canberra College","80107108207","5"
"The Canberra College","80107108227","5"
"The Canberra College","80108109105","5"
"The Canberra College","80108109202","5"
"The Canberra College","80108109204","5"
"The Canberra College","80108109206","5"
"The Canberra College","80108109306","5"
"The Canberra College","80108109405","5"
"The Canberra College","80108109601","5"
"The Canberra College","80108109807","5"
"The Canberra College","80108109809","5"
"The Canberra College","80109109902","5"
"The Canberra College","80109110008","5"
"The Canberra College","80109110304","5"
"The Canberra College","80109110401","5"
"The Canberra College","80109110502","5"
"The Canberra College","80109110504","5"
"The Canberra College","80109110507","5"
"The Canberra College","80109110602","5"
"The Canberra College","80109110603","5"
"The Canberra College","80109110606","5"
"The Canberra College","80109110803","5"
"The Canberra College","80109110805","5"
"The Canberra College","80111114003","5"
"The Canberra College","80107108222","6"
"The Canberra College","80107108241","6"
"The Canberra College","80108109205","6"
"The Canberra College","80108109407","6"
"The Canberra College","80108109508","6"
"The Canberra College","80108109802","6"
"The Canberra College","80109109903","6"
"The Canberra College","80109109904","6"
"The Canberra College","80109109905","6"
"The Canberra College","80109110106","6"
"The Canberra College","80109110108","6"
"The Canberra College","80109110303","6"
"The Canberra College","80109110404","6"
"The Canberra College","80108109201","7"
"The Canberra College","80108109406","7"
"The Canberra College","80109109901","7"
"The Canberra College","80109110002","7"
"The Canberra College","80109110601","7"
"The Canberra College","80109110607","7"
"The Canberra College","80109111001","7"
"The Canberra College","80109110505","8"
"The Canberra College","80108109603","9"
"The Canberra College","80109110107","9"
"The Canberra College","80109110307","9"
"The Canberra College","80109110702","9"
"The Canberra College","80108109702","10"
"The Canberra College","80108109706","10"
"The Canberra College","80109110004","10"
"The Canberra College","80109111002","11"
"Theodore Primary School","80107107301","5"
"Theodore Primary School","80107107803","5"
"Theodore Primary School","80107107309","6"
"Theodore Primary School","80107108105","6"
"Theodore Primary School","80107108808","12"
"Theodore Primary School","80107108802","17"
"Theodore Primary School","80107108803","18"
"Theodore Primary School","80107108810","19"
"Theodore Primary School","80107108806","20"
"Theodore Primary School","80107108801","23"
"Theodore Primary School","80107108804","24"
"Theodore Primary School","80107108809","24"
"Theodore Primary School","80107108805","33"
"Theodore Primary School","80107108807","51"
"Torrens Primary School","80107108218","6"
"Torrens Primary School","80109110804","7"
"Torrens Primary School","80109110806","7"
"Torrens Primary School","80109110802","8"
"Torrens Primary School","80109111005","13"
"Torrens Primary School","80109109903","18"
"Torrens Primary School","80109109904","19"
"Torrens Primary School","80109110803","19"
"Torrens Primary School","80109110805","19"
"Torrens Primary School","80109111003","19"
"Torrens Primary School","80109109905","21"
"Torrens Primary School","80109109901","22"
"Torrens Primary School","80109109902","22"
"Torrens Primary School","80109111006","22"
"Torrens Primary School","80109110807","23"
"Torrens Primary School","80109111002","29"
"Torrens Primary School","80109111001","32"
"Torrens Primary School","80109111004","37"
"Turner School","80105104901","5"
"Turner School","80105105804","6"
"Turner School","80105105708","7"
"Turner School","80105106113","7"
"Turner School","80105106012","8"
"Turner School","80105105809","9"
"Turner School","80105105802","13"
"Turner School","80105105807","13"
"Turner School","80105106003","14"
"Turner School","80105106010","14"
"Turner School","80105106006","15"
"Turner School","80105105813","16"
"Turner School","80105105811","18"
"Turner School","80105105812","20"
"Turner School","80105106011","21"
"Turner School","80105105810","22"
"Turner School","80105106007","25"
"Turner School","80105106002","30"
"Turner School","80105105801","51"
"Wanniassa Hills Primary School","80107108209","5"
"Wanniassa Hills Primary School","80107108241","5"
"Wanniassa Hills Primary School","80107108601","5"
"Wanniassa Hills Primary School","80107108701","5"
"Wanniassa Hills Primary School","80107109006","6"
"Wanniassa Hills Primary School","80107109017","6"
"Wanniassa Hills Primary School","80107109007","8"
"Wanniassa Hills Primary School","80107109012","12"
"Wanniassa Hills Primary School","80107109003","14"
"Wanniassa Hills Primary School","80107109005","14"
"Wanniassa Hills Primary School","80107109013","16"
"Wanniassa Hills Primary School","80107109004","17"
"Wanniassa Hills Primary School","80107109011","18"
"Wanniassa Hills Primary School","80107109018","21"
"Wanniassa Hills Primary School","80107109010","22"
"Wanniassa Hills Primary School","80107109001","24"
"Wanniassa Hills Primary School","80107109019","27"
"Wanniassa Hills Primary School","80107109014","36"
"Wanniassa School","80107107108","5"
"Wanniassa School","80107108412","5"
"Wanniassa School","80107108605","5"
"Wanniassa School","80107109004","5"
"Wanniassa School","80109110506","5"
"Wanniassa School","80107108207","6"
"Wanniassa School","80107108002","7"
"Wanniassa School","80107108415","7"
"Wanniassa School","80107107412","8"
"Wanniassa School","80107108603","12"
"Wanniassa School","80107109011","12"
"Wanniassa School","80107109019","14"
"Wanniassa School","80107109008","17"
"Wanniassa School","80107109009","17"
"Wanniassa School","80107109016","17"
"Wanniassa School","80107109015","22"
"Wanniassa School","80107109005","23"
"Wanniassa School","80107109020","23"
"Wanniassa School","80107108601","24"
"Wanniassa School","80107109006","28"
"Weetangera Primary School","80101102406","5"
"Weetangera Primary School","80101101508","6"
"Weetangera Primary School","80101102302","6"
"Weetangera Primary School","80101102404","6"
"Weetangera Primary School","80101101404","7"
"Weetangera Primary School","80101102405","9"
"Weetangera Primary School","80101102408","9"
"Weetangera Primary School","80101102402","11"
"Weetangera Primary School","80101102304","13"
"Weetangera Primary School","80101102306","15"
"Weetangera Primary School","80101102305","17"
"Weetangera Primary School","80101102603","18"
"Weetangera Primary School","80101102301","19"
"Weetangera Primary School","80101102602","20"
"Weetangera Primary School","80101102303","21"
"Weetangera Primary School","80101102601","21"
"Weetangera Primary School","80101102605","27"
"Weetangera Primary School","80101102607","27"
"Weetangera Primary School","80101102604","34"
"Weetangera Primary School","80101102606","38"
"Yarralumla Primary School","80106106201","5"
"Yarralumla Primary School","80107108235","5"
"Yarralumla Primary School","80106107006","7"
"Yarralumla Primary School","80106106202","9"
"Yarralumla Primary School","80106107004","12"
"Yarralumla Primary School","80106107007","12"
"Yarralumla Primary School","80106107008","13"
"Yarralumla Primary School","80106106204","16"
"Yarralumla Primary School","80106107002","16"
"Yarralumla Primary School","80106107001","19"
"Yarralumla Primary School","80106107003","21"
"Yarralumla Primary School","80106107005","22"
"Richardson Primary School","80107108706","9"
"Palmerston District Primary School","80104104809","19"
"University of Canberra Senior Secondary College Lake Ginninderra","80101101619","5"
"Palmerston District Primary School","80104103711","14"
"University of Canberra Senior Secondary College Lake Ginninderra","80101102502","5"
"University of Canberra Senior Secondary College Lake Ginninderra","80101101002","5"
"Charles Weston School ","80110113902","9"
"O'Connor Cooperative School","80105105801","10"
"Richardson Primary School","80107107406","7"
"Palmerston District Primary School","80104104813","26"
"Palmerston District Primary School","80104104019","7"
"Palmerston District Primary School","80104104801","16"
"Isabella Plains Early Childhood School","80107108103","13"
"Richardson Primary School","80107108703","19"
"Palmerston District Primary School","80104103708","18"
"Palmerston District Primary School","80104103927","5"
"University of Canberra Senior Secondary College Lake Ginninderra","80101101109","5"
"University of Canberra Senior Secondary College Lake Ginninderra","80101101907","5"
"University of Canberra Senior Secondary College Lake Ginninderra","80101102506","6"
"Charles Weston School ","80110113906","26"
"Isabella Plains Early Childhood School","80107108108","11"
"Palmerston District Primary School","80104103713","13"
"Palmerston District Primary School","80104104601","7"
"University of Canberra Senior Secondary College Lake Ginninderra","80101101509","5"
"Isabella Plains Early Childhood School","80107108111","6"
"Palmerston District Primary School","80104103702","13"
"Palmerston District Primary School","80104104708","12"
"University of Canberra Senior Secondary College Lake Ginninderra","80101102503","5"
"University of Canberra High School Kaleen","80101101613","10"
"Charles Weston School ","80110113905","7"
"University of Canberra Senior Secondary College Lake Ginninderra","80101100811","6"
"University of Canberra High School Kaleen","80101101612","9"
"Palmerston District Primary School","80104103710","18"
"University of Canberra High School Kaleen","80101101619","5"
"University of Canberra High School Kaleen","80101101606","12"
"Charles Weston School ","80110113503","56"
"University of Canberra High School Kaleen","80101101611","7"
"University of Canberra Senior Secondary College Lake Ginninderra","80101100201","5"
"Charles Weston School ","80110113907","11"
"Palmerston District Primary School","80104104808","15"
"Palmerston District Primary School","80104104709","7"
"O'Connor Cooperative School","80105105812","6"
"University of Canberra Senior Secondary College Lake Ginninderra","80101102103","5"
"Richardson Primary School","80107108702","6"
"Richardson Primary School","80107108705","28"
"University of Canberra High School Kaleen","80101101101","8"
"University of Canberra Senior Secondary College Lake Ginninderra","80101100711","8"
"Palmerston District Primary School","80104103704","12"
"University of Canberra Senior Secondary College Lake Ginninderra","80101100712","7"
"Palmerston District Primary School","80104104803","11"
"Isabella Plains Early Childhood School","80107108112","9"
"University of Canberra High School Kaleen","80101101109","5"
"University of Canberra Senior Secondary College Lake Ginninderra","80101101101","8"
"Isabella Plains Early Childhood School","80107108101","11"
"Charles Weston School ","80110113501","29"
"Palmerston District Primary School","80104104811","18"
"Charles Weston School ","80110113504","30"
"University of Canberra Senior Secondary College Lake Ginninderra","80101102206","5"
"University of Canberra High School Kaleen","80101101609","7"
"University of Canberra Senior Secondary College Lake Ginninderra","80101100702","5"
"University of Canberra Senior Secondary College Lake Ginninderra","80101102105","10"
"Palmerston District Primary School","80104104802","31"
"Palmerston District Primary School","80104104805","30"
"Palmerston District Primary School","80104104812","30"
"University of Canberra Senior Secondary College Lake Ginninderra","80101100611","6"
"Palmerston District Primary School","80104103707","11"
"Isabella Plains Early Childhood School","80107108105","12"
"Charles Weston School ","80110113502","21"
"University of Canberra High School Kaleen","80101101103","8"
"Palmerston District Primary School","80104104804","29"
"Palmerston District Primary School","80104104814","28"
"O'Connor Cooperative School","80105105807","5"
"Isabella Plains Early Childhood School","80107108107","11"
"Richardson Primary School","80107108707","8"
"University of Canberra Senior Secondary College Lake Ginninderra","80101101103","5"
"Palmerston District Primary School","80104103714","12"
"University of Canberra Senior Secondary College Lake Ginninderra","80101101608","8"
"Richardson Primary School","80107108701","21"
"University of Canberra Senior Secondary College Lake Ginninderra","80101100304","7"
"Richardson Primary School","80107107412","6"
"Palmerston District Primary School","80104103703","20"
"Palmerston District Primary School","80104104810","19"
"Richardson Primary School","80107108704","13"
"Palmerston District Primary School","80104104807","19"
"University of Canberra High School Kaleen","80101100712","5"
"Palmerston District Primary School","80104103706","12"
"University of Canberra Senior Secondary College Lake Ginninderra","80101100802","5"
"Charles Weston School ","80110113908","19"
"Palmerston District Primary School","80104104806","9"
